INSERT INTO items (name,category,activity,weather,gender,daily,quantity,shared) VALUES ('Casual Shirt','Clothing',null,null,null,true,1,false);
INSERT INTO items (name,category,activity,weather,gender,daily,quantity,shared) VALUES ('Casual Pants','Clothing',null,null,null,true,1,false);
INSERT INTO items (name,category,activity,weather,gender,daily,quantity,shared) VALUES ('Tooth Paste','Toiletries',null,null,null,true,0.14,true);
INSERT INTO items (name,category,activity,weather,gender,daily,quantity,shared) VALUES ('Winter Jacket','Clothing',null,'Snowy',null,false,1,false);
INSERT INTO items (name,category,activity,weather,gender,daily,quantity,shared) VALUES ('Skis','Equipments','Snow Sports','Snowy',null,false,1,false);
INSERT INTO items (name,category,activity,weather,gender,daily,quantity,shared) VALUES ('Sun Block','Personal Care','Beach','Sunny',null,false,1,true);
INSERT INTO items (name,category,activity,weather,gender,daily,quantity,shared) VALUES ('Swimming Goggles','Accessories','Beach',null,null,false,1,false);
INSERT INTO items (name,category,activity,weather,gender,daily,quantity,shared) VALUES ('Eye Liner','Personal Care',null,null,'F',false,1,false);
INSERT INTO items (name,category,activity,weather,gender,daily,quantity,shared) VALUES ('Medications','Essentials',null,null,null,false,1,false);
INSERT INTO items (name,category,activity,weather,gender,daily,quantity,shared) VALUES ('Towel','Toiletries',null,null,null,false,1,false);
INSERT INTO items (name,category,activity,weather,gender,daily,quantity,shared) VALUES ('Hiking Shoes','Footwear','Hiking',null,null,false,1,false);
INSERT INTO items (name,category,activity,weather,gender,daily,quantity,shared) VALUES ('Sunglasses','Accessories','Beach','Sunny',null,false,1,false);
INSERT INTO items (name,category,activity,weather,gender,daily,quantity,shared) VALUES ('Bug Spray','Personal Care','Camping',null,null,false,1,false);
INSERT INTO items (name,category,activity,weather,gender,daily,quantity,shared) VALUES ('Camera','Electronics',null,null,null,false,1,false);
INSERT INTO items (name,category,activity,weather,gender,daily,quantity,shared) VALUES ('Work Shirt','Clothing','Business',null,null,true,1,false);
INSERT INTO items (name,category,activity,weather,gender,daily,quantity,shared) VALUES ('Passport','Essentials',null,null,null,false,1,false);
INSERT INTO items (name,category,activity,weather,gender,daily,quantity,shared) VALUES ('Wallet','Essentials',null,null,'M',false,1,false);
INSERT INTO items (name,category,activity,weather,gender,daily,quantity,shared) VALUES ('Purse','Essentials',null,null,'F',false,1,false);
INSERT INTO items (name,category,activity,weather,gender,daily,quantity,shared) VALUES ('Cell Phone Charger','Electronics',null,null,null,false,1,false);
INSERT INTO items (name,category,activity,weather,gender,daily,quantity,shared) VALUES ('Camera','Electronics',null,null,null,false,1,true);
INSERT INTO items (name,category,activity,weather,gender,daily,quantity,shared) VALUES ('Socks','Footwear',null,null,null,true,0.5,false);
INSERT INTO items (name,category,activity,weather,gender,daily,quantity,shared) VALUES ('Belt','Accessories',null,null,null,false,1,false);
INSERT INTO items (name,category,activity,weather,gender,daily,quantity,shared) VALUES ('Watch','Accessories',null,null,null,false,1,false);
INSERT INTO items (name,category,activity,weather,gender,daily,quantity,shared) VALUES ('Toothbrush','Toiletries',null,null,null,false,1,false);
INSERT INTO items (name,category,activity,weather,gender,daily,quantity,shared) VALUES ('Hair Brush','Personal Care',null,null,null,false,1,false);
INSERT INTO items (name,category,activity,weather,gender,daily,quantity,shared) VALUES ('Comb','Personal Care',null,null,null,false,1,false);
INSERT INTO items (name,category,activity,weather,gender,daily,quantity,shared) VALUES ('Hand Sanitizer','Personal Care',null,null,null,false,1,true);
INSERT INTO items (name,category,activity,weather,gender,daily,quantity,shared) VALUES ('First Aid','Miscellaneous','Camping',null,null,false,1,true);
INSERT INTO items (name,category,activity,weather,gender,daily,quantity,shared) VALUES ('Boarding Pass','Essentials',null,null,null,false,1,false);
INSERT INTO items (name,category,activity,weather,gender,daily,quantity,shared) VALUES ('Printed Itinerary','Miscellaneous',null,null,null,false,1,true);
INSERT INTO items (name,category,activity,weather,gender,daily,quantity,shared) VALUES ('Water Bottle','Essentials',null,null,null,false,1,false);
INSERT INTO items (name,category,activity,weather,gender,daily,quantity,shared) VALUES ('Cap','Accessories',null,null,null,false,1,false);
INSERT INTO items (name,category,activity,weather,gender,daily,quantity,shared) VALUES ('Laptop','Electronics','Business',null,null,false,1,false);
INSERT INTO items (name,category,activity,weather,gender,daily,quantity,shared) VALUES ('Laptop Charger','Electronics','Business',null,null,false,1,false);
INSERT INTO items (name,category,activity,weather,gender,daily,quantity,shared) VALUES ('Swim Suit','Clothing','Beach',null,null,false,1,false);
INSERT INTO items (name,category,activity,weather,gender,daily,quantity,shared) VALUES ('Sandals','Footwear',null,null,null,false,1,false);
INSERT INTO items (name,category,activity,weather,gender,daily,quantity,shared) VALUES ('Shoes','Footwear',null,null,null,false,1,false);
INSERT INTO items (name,category,activity,weather,gender,daily,quantity,shared) VALUES ('Beanie','Accessories',null,'Snowy',null,false,1,false);
INSERT INTO items (name,category,activity,weather,gender,daily,quantity,shared) VALUES ('Snow Gloves','Accessories','Snow Sports','Snowy',null,false,1,false);
INSERT INTO items (name,category,activity,weather,gender,daily,quantity,shared) VALUES ('Scarfs','Accessories','Snow Sports','Snowy',null,false,1,false);
INSERT INTO items (name,category,activity,weather,gender,daily,quantity,shared) VALUES ('Mufflers','Accessories','Snow Sports','Snowy',null,false,1,false);
INSERT INTO items (name,category,activity,weather,gender,daily,quantity,shared) VALUES ('Ear Muffs','Accessories','Snow Sports','Snowy',null,false,1,false);
INSERT INTO items (name,category,activity,weather,gender,daily,quantity,shared) VALUES ('Headphones','Electronics',null,null,null,false,1,false);
INSERT INTO items (name,category,activity,weather,gender,daily,quantity,shared) VALUES ('Ear Plugs','Miscellaneous',null,null,null,false,1,false);
INSERT INTO items (name,category,activity,weather,gender,daily,quantity,shared) VALUES ('Rain Coat','Miscellaneous',null,'Rainy',null,false,1,false);
INSERT INTO items (name,category,activity,weather,gender,daily,quantity,shared) VALUES ('Umbrella','Equipments',null,'Rainy',null,false,1,false);
INSERT INTO items (name,category,activity,weather,gender,daily,quantity,shared) VALUES ('Tie','Accessories','Business',null,null,false,1,false);
INSERT INTO items (name,category,activity,weather,gender,daily,quantity,shared) VALUES ('Tent','Equipments','Camping',null,null,false,1,true);
INSERT INTO items (name,category,activity,weather,gender,daily,quantity,shared) VALUES ('Sleeping Bag','Equipments','Camping',null,null,false,1,false);
INSERT INTO items (name,category,activity,weather,gender,daily,quantity,shared) VALUES ('Flash Light','Equipments','Camping',null,null,false,1,true);
INSERT INTO items (name,category,activity,weather,gender,daily,quantity,shared) VALUES ('Matches/Lighter','Miscellaneous','Camping',null,null,false,1,false);
INSERT INTO items (name,category,activity,weather,gender,daily,quantity,shared) VALUES ('Compass','Miscellaneous','Camping',null,null,false,1,true);
INSERT INTO items (name,category,activity,weather,gender,daily,quantity,shared) VALUES ('Utility Knife','Miscellaneous','Camping',null,null,false,1,true);
INSERT INTO items (name,category,activity,weather,gender,daily,quantity,shared) VALUES ('Visa','Essentials',null,null,null,false,1,false);
INSERT INTO items (name,category,activity,weather,gender,daily,quantity,shared) VALUES ('Pen','Miscellaneous',null,null,null,false,1,false);
INSERT INTO items (name,category,activity,weather,gender,daily,quantity,shared) VALUES ('Insurance','Essentials',null,null,null,false,1,false);
INSERT INTO items (name,category,activity,weather,gender,daily,quantity,shared) VALUES ('Foreign Currency','Essentials',null,null,null,false,1000,false);
INSERT INTO items (name,category,activity,weather,gender,daily,quantity,shared) VALUES ('Deodorant','Personal Care',null,null,'M',false,1000,false);
INSERT INTO items (name,category,activity,weather,gender,daily,quantity,shared) VALUES ('Toilet Paper','Toiletries','Camping',null,null,false,1,true);
INSERT INTO items (name,category,activity,weather,gender,daily,quantity,shared) VALUES ('Floss','Toiletries',null,null,null,false,1,false);
INSERT INTO items (name,category,activity,weather,gender,daily,quantity,shared) VALUES ('Shaver','Toiletries',null,null,null,false,1,false);
INSERT INTO items (name,category,activity,weather,gender,daily,quantity,shared) VALUES ('Contacts','Miscellaneous',null,null,null,false,1,false);
INSERT INTO items (name,category,activity,weather,gender,daily,quantity,shared) VALUES ('Nail Clippers','Miscellaneous',null,null,null,false,1,false);
INSERT INTO items (name,category,activity,weather,gender,daily,quantity,shared) VALUES ('Mouth Wash','Toiletries',null,null,null,false,1,true);
INSERT INTO items (name,category,activity,weather,gender,daily,quantity,shared) VALUES ('Undergarment','Clothing',null,null,'M',true,1,false);
INSERT INTO items (name,category,activity,weather,gender,daily,quantity,shared) VALUES ('Bra','Clothing',null,null,'F',true,1,false);
INSERT INTO items (name,category,activity,weather,gender,daily,quantity,shared) VALUES ('Underwear','Clothing',null,null,'F',true,1,false);
INSERT INTO items (name,category,activity,weather,gender,daily,quantity,shared) VALUES ('Perfume','Personal Care',null,null,'F',false,1,false);
INSERT INTO items (name,category,activity,weather,gender,daily,quantity,shared) VALUES ('Power Bank','Electronics',null,null,null,false,1,false);

INSERT INTO users (firstname,lastname,email,password,gender) VALUES ('Kenny','Ang','kenny@gmail.com','a665a45920422f9d417e4867efdc4fb8a04a1f3fff1fa07e998e86f7f7a27ae3','M');
INSERT INTO users (firstname,lastname,email,password,gender) VALUES ('Shirley','Tan','shirley@gmail.com','a665a45920422f9d417e4867efdc4fb8a04a1f3fff1fa07e998e86f7f7a27ae3','F');
INSERT INTO users (firstname,lastname,email,password,gender) VALUES ('Khai','Ri','khai@gmail.com','a665a45920422f9d417e4867efdc4fb8a04a1f3fff1fa07e998e86f7f7a27ae3','M');

INSERT INTO categories (name) VALUES ('Essentials');
INSERT INTO categories (name) VALUES ('Toiletries');
INSERT INTO categories (name) VALUES ('Equipments');
INSERT INTO categories (name) VALUES ('Personal Care');
INSERT INTO categories (name) VALUES ('Shared');
INSERT INTO categories (name) VALUES ('Clothing');
INSERT INTO categories (name) VALUES ('Accessories');
INSERT INTO categories (name) VALUES ('Footwear');
INSERT INTO categories (name) VALUES ('Electronics');
INSERT INTO categories (name) VALUES ('Miscellaneous');






